,value,open_value,market_cap(억원),market_cap_rank,title
0,85300,84000,5092225,코스피1위,삼성전자
1,148500,141000,1081084,코스피2위,SK하이닉스
2,383000,380500,629129,코스피3위,NAVER
3,890000,867000,628272,코스피4위,LG화학
4,74100,73900,609759,코스피5위,삼성전자우
5,245000,239000,523487,코스피6위,현대차
6,775000,754000,512779,코스피7위,삼성바이오로직스
7,704000,704000,484102,코스피8위,삼성SDI
8,484500,478000,429605,코스피9위,카카오
9,308000,290500,415885,코스피10위,셀트리온
10,77000,76500,312130,코스피11위,기아차
11,314500,313500,298947,코스피12위,현대모비스
12,154000,153500,252018,코스피13위,LG전자
13,270000,277500,249657,코스피14위,SK이노베이션
14,283000,280000,246739,코스피15위,POSCO
15,1567000,1556000,244737,코스피16위,LG생활건강
16,125500,123500,234543,코스피17위,삼성물산
17,972000,963000,213393,코스피18위,엔씨소프트
18,252000,245000,203479,코스피19위,SK텔레콤
19,277000,270500,194898,코스피20위,SK
20,44750,43350,186074,코스피21위,KB금융
21,34100,33600,176160,코스피22위,신한지주
22,96300,95100,166173,코스피23위,LG
23,200000,199000,154756,코스피24위,삼성에스디에스
24,76700,75400,153400,코스피25위,삼성생명
25,23350,23350,149899,코스피26위,한국전력
26,196000,192500,146400,코스피27위,삼성전기
27,239000,234000,139716,코스피28위,아모레퍼시픽
28,162500,163000,125878,코스피29위,포스코케미칼
29,37850,37200,113642,코스피30위,하나금융지주
30,130000,124500,111652,코스피31위,넷마블
31,324000,313000,111052,코스피32위,롯데케미칼
32,79800,78700,109559,코스피33위,KT&G
33,88000,86800,99073,코스피34위,S-Oil
34,126000,126000,98675,코스피35위,SK바이오팜
35,16100,15950,85942,코스피36위,한온시스템
36,23700,24000,84802,코스피37위,LG디스플레이
37,175500,175000,83143,코스피38위,삼성화재
38,114000,111500,8681,코스피39위,한국조선해양
39,416000,420000,78499,코스피40위,고려아연
40,212000,215000,75522,코스피41위,빅히트
41,47150,45950,75376,코스피42위,한화솔루션
42,195000,197500,73125,코스피43위,현대글로비스
43,9820,9710,7927,코스피44위,우리금융지주
44,26200,26150,68411,코스피45위,KT
45,220500,219000,67181,코스피46위,금호석유
46,8520,8470,62934,코스피47위,기업은행
47,50800,48650,62929,코스피48위,한국타이어앤테크놀로지
48,9700,9670,62596,코스피49위,미래에셋대우
49,411000,409000,61873,코스피50위,CJ제일제당
50,18400,17500,6354,코스피51위,HMM
51,41150,40650,54913,코스피52위,현대제철
52,65200,64500,53763,코스피53위,아모레G
53,12200,12150,53267,코스피54위,LG유플러스
54,134500,130500,53176,코스피55위,오리온
55,24800,24950,53057,코스피56위,강원랜드
56,42890,42010,52133,,KODEX 200
57,92000,93300,51268,코스피58위,한국금융지주
58,28850,29000,5260,코스피59위,대한항공
59,67000,66400,49446,코스피60위,코웨이
60,208000,211500,49228,코스피61위,LG이노텍
61,173500,175000,48365,코스피62위,이마트
62,41550,41100,46268,코스피63위,현대건설
63,121000,124000,45821,코스피64위,SKC
64,385500,393000,45263,코스피65위,SK케미칼
65,387000,376500,45227,코스피66위,녹십자
66,84500,81200,44772,코스피67위,신풍제약
67,66100,63900,44488,코스피68위,한미사이언스
68,63500,63800,44433,코스피69위,유한양행
69,277500,276500,43841,코스피70위,현대중공업지주
70,350000,340500,42274,코스피71위,한미약품
71,6700,6630,42210,코스피72위,삼성중공업
72,11100,10450,41585,코스피73위,두산중공업
73,11100,11100,41313,,맥쿼리인프라
74,41200,41000,41076,코스피75위,동서
75,61300,60300,4619,코스피76위,한진칼
76,107000,104500,39039,코스피77위,현대차2우B
77,167500,166500,38211,코스피78위,CJ대한통운
78,39950,40500,37120,코스피79위,GS
79,31950,31350,37017,코스피80위,삼성카드
80,33900,33750,35564,코스피81위,롯데지주
81,53600,53500,35105,코스피82위,두산퓨얼셀
82,134500,134000,34833,코스피83위,키움증권
83,122500,122500,34654,코스피84위,롯데쇼핑
84,34500,33800,34586,코스피85위,두산밥캣
85,6850,6840,34514,코스피86위,쌍용양회
86,35150,34900,34262,코스피87위,한국항공우주
87,38000,37850,33934,코스피88위,삼성증권
88,73000,74200,33661,코스피89위,일진머티리얼즈
89,108500,107500,32756,코스피90위,더존비즈온
90,83400,84400,32733,코스피91위,호텔신라
91,37750,37050,32193,코스피92위,GS건설
92,415000,410000,31909,코스피93위,LG화학우
93,11300,11150,31799,코스피94위,NH투자증권
94,83000,82000,31539,코스피95위,에스원
95,32950,32950,3417,코스피96위,한국가스공사
96,64200,64200,3146,코스피97위,만도
97,5540,5690,29615,코스피98위,팬오션
98,41450,40400,29347,코스피99위,DB손해보험
99,122500,114500,29215,코스피100위,OCI
100,26150,25850,28056,코스피101위,대우조선해양
101,162000,159000,28000,코스피102위,BGF리테일
102,36300,35600,27951,코스피103위,GS리테일
103,246500,240000,27941,코스피104위,한솔케미칼
104,22500,22100,27759,코스피105위,포스코인터내셔널
105,94600,95100,27601,코스피106위,CJ
106,3140,3245,27272,코스피107위,한화생명
107,128500,130500,26985,코스피108위,현대오토에버
108,274000,274500,26976,코스피109위,신세계
109,107500,107500,26183,코스피110위,현대차우
110,13300,13400,26068,코스피111위,삼성엔지니어링
111,42725,41775,25934,,TIGER 200
112,58200,58500,25840,코스피113위,DB하이텍
113,3785,3775,25585,코스피114위,메리츠증권
114,41500,40800,25212,코스피115위,휠라홀딩스
115,6060,6010,25187,코스피116위,대우건설
116,34550,34450,24231,코스피117위,하이트진로
117,99500,98800,23416,코스피118위,한샘
118,360000,352500,23400,코스피119위,대한유화
119,72500,72200,23345,코스피120위,LS
120,38450,35300,23107,코스피121위,피비파마
121,20850,20050,22983,코스피122위,한화시스템
122,30550,30050,22900,코스피123위,한화
123,19900,19800,22893,코스피124위,제일기획
124,116500,107000,22553,코스피125위,DL이앤씨
125,37750,36150,21949,코스피126위,대웅
126,20000,19800,21828,코스피127위,현대로템
127,141500,145000,21791,코스피128위,F&F
128,79200,78500,21538,코스피129위,현대위아
129,53100,52200,21209,코스피130위,현대미포조선
130,565000,563000,2747,코스피131위,오뚜기
131,2060,2160,2619,,KODEX 200선물인버스2X
132,172500,170500,19710,코스피133위,종근당
133,38900,38950,19695,코스피134위,한화에어로스페이스
134,5980,6030,19491,코스피135위,BNK금융지주
135,21700,21500,19400,코스피136위,현대해상
136,82700,81700,19354,코스피137위,현대백화점
137,15950,15850,19240,코스피138위,메리츠화재
138,102730,102725,19188,,KODEX 단기채권
139,41150,39250,18234,코스피140위,영원무역
140,204000,202000,18128,코스피141위,KCC
141,27500,27050,18125,코스피142위,HDC현대산업개발
142,418000,413500,18090,코스피143위,효성티앤씨
143,10230,10110,17984,,KODEX 삼성그룹
144,59900,60000,17970,코스피145위,LS ELECTRIC
145,44000,44300,17959,코스피146위,현대엘리베이
146,27330,26275,17601,,KODEX 레버리지
147,13795,13515,17520,,KODEX MSCI Korea TR
148,82900,82900,17468,코스피149위,효성
149,13805,13470,17415,,KODEX 200TR
150,37000,35600,17400,코스피151위,녹십자홀딩스
151,7990,7870,17273,코스피152위,두산인프라코어
152,281000,281500,17092,코스피153위,농심
153,54900,55000,16960,코스피154위,아이에스동서
154,18000,19100,16744,코스피155위,한국앤컴퍼니
155,12200,12100,16349,코스피156위,메리츠금융지주
156,141000,137000,16337,코스피157위,대웅제약
157,17350,16930,15598,,TIGER MSCI Korea TR
158,72900,72100,15371,코스피159위,씨에스윈드
159,21300,20850,14756,코스피160위,롯데관광개발
160,699000,703000,14677,코스피161위,LG생활건강우
161,109520,109545,14632,,KODEX 종합채권(AA-이상)액티브
162,52900,51200,14272,코스피163위,코오롱인더
163,54000,53200,13932,코스피164위,롯데정밀화학
164,21450,21250,13908,코스피165위,부광약품
165,5550,5400,13774,코스피166위,SK네트웍스
166,44950,46700,13750,코스피167위,솔루스첨단소재
167,192000,187500,13709,코스피168위,신세계인터내셔날
168,69400,69700,13578,코스피169위,NHN
169,87500,86800,13511,코스피170위,DL
170,92900,89400,13384,코스피171위,지누스
171,52200,52100,13373,코스피172위,동원시스템즈
172,293000,290000,13126,코스피173위,효성첨단소재
173,93300,94700,13062,코스피174위,세방전지
174,32000,31800,13049,코스피175위,명신산업
175,56800,57700,12997,코스피176위,한국콜마
176,66200,67200,12603,코스피177위,SK디스커버리
177,73200,72000,12580,코스피178위,LG전자우
178,42975,42295,12463,,KBSTAR 200
179,27250,27250,12262,코스피180위,한전KPS
180,12250,12150,12251,코스피181위,KG동부제철
181,61200,60800,12240,코스피182위,이노션
182,27000,26300,12114,코스피183위,다우기술
183,7140,7280,12077,코스피184위,DGB금융지주
184,648000,635000,11936,코스피185위,영풍
185,22700,22350,11859,코스피186위,한올바이오파마
186,3880,3955,11702,,KODEX 인버스
187,5880,5910,11583,코스피188위,JB금융지주
188,4025,3945,11562,코스피189위,금호타이어
189,23500,23400,11537,코스피190위,솔루엠
190,22300,22250,11485,코스피191위,한미반도체
191,6240,6070,11412,코스피192위,영진약품
192,15100,15500,11236,코스피193위,아시아나항공
193,23250,23100,11207,코스피194위,에스엘
194,21000,20750,1945,코스피195위,보령제약
195,19315,19205,1778,,KODEX 2차전지산업
196,118500,119500,1636,코스피197위,롯데칠성
197,27350,26800,1601,코스피198위,LG상사
198,105000,104500,1552,코스피199위,코스맥스
199,943000,922000,1499,코스피200위,태광산업
200,57100,56700,1492,코스피201위,더블유게임즈
201,36500,36750,1229,코스피202위,풍산
202,14045,13220,1197,,KODEX 코스닥150 레버리지
203,16450,16650,1175,코스피204위,GKL
204,28400,28650,9968,코스피205위,CJ CGV
205,24600,24250,9882,코스피206위,티와이홀딩스
206,23450,23500,9586,코스피207위,휴켐스
207,10350,10450,9585,코스피208위,후성
208,50200,49000,9581,코스피209위,일양약품
209,79600,78200,9552,코스피210위,현대홈쇼핑
210,21200,21450,9540,코스피211위,진에어
211,15900,15350,9533,코스피212위,파미셀
212,7890,7880,9497,코스피213위,코리안리
213,258000,262000,9488,코스피214위,동원산업
214,64800,63100,9476,코스피215위,S&T모티브
215,38250,37650,9421,코스피216위,한섬
216,67000,67900,9339,코스피217위,하나투어
217,14950,15000,9052,코스피218위,화승엔터프라이즈
218,40730,40150,8993,,TIGER 200 IT
219,9190,9290,8979,코스피220위,현대그린푸드
220,102990,102960,8924,,KODEX 단기채권PLUS
221,9350,8790,8923,코스피222위,동국제강
222,23150,23750,8913,코스피223위,제주항공
223,39400,38650,8840,코스피224위,쿠쿠홈시스
224,14100,14000,8833,코스피225위,오리온홀딩스
225,124000,117500,8819,코스피226위,쿠쿠홀딩스
226,25350,25200,8783,코스피227위,대상
227,37150,36150,8770,코스피228위,롯데하이마트
228,100095,100105,8766,,TIGER 단기통안채
229,15400,15025,8670,,TIGER TOP10
230,1010,1025,8650,코스피231위,대한전선
231,39300,38500,8646,코스피232위,LIG넥스원
232,93300,94300,8612,코스피233위,SK가스
233,4990,4995,8581,,롯데리츠
234,5180,5180,8578,,제이알글로벌리츠
235,51700,50800,8399,코스피236위,유나이티드제약
236,79700,74900,8301,코스피237위,한국단자
237,119500,116000,8277,코스피238위,한일시멘트
238,43195,42515,8229,,ARIRANG 200
239,77700,78000,8203,코스피240위,아모레퍼시픽우
240,5720,5610,8194,,ESR켄달스퀘어리츠
241,16805,16900,8192,,TIGER KRX2차전지K-뉴딜
242,505000,499000,8170,코스피243위,삼성SDI우
243,127000,128500,8149,코스피244위,롯데제과
244,3295,3280,8049,코스피245위,대한해운
245,8200,8290,8009,코스피246위,넥센타이어
246,48350,47350,7989,코스피247위,두산
247,19900,19500,7960,코스피248위,한세실업
248,14700,14250,7792,코스피249위,락앤락
249,199000,196000,7680,코스피250위,동원F&B
250,43120,42195,7611,,KINDEX 200
251,153000,156500,7604,코스피252위,미원상사
252,17460,17380,7517,,TIGER 2차전지테마
253,45850,43750,7513,코스피254위,제이콘텐트리
254,87000,86500,7451,코스피255위,삼양홀딩스
255,14850,14650,7338,코스피256위,대덕전자
256,37200,37300,7329,코스피257위,현대건설기계
257,45450,45200,7259,코스피258위,케이씨씨글라스
258,4075,4035,7213,코스피259위,미래에셋생명
259,117000,116000,7202,코스피260위,동아쏘시오홀딩스
260,69200,67500,7193,코스피261위,삼화콘덴서
261,225000,226500,7178,코스피262위,효성화학
262,13950,13100,7083,코스피263위,대신증권
263,83800,83500,7076,코스피264위,동아에스티
264,31950,31800,7046,코스피265위,대림건설
265,36350,36300,6903,코스피266위,SK디앤디
266,74000,71500,6900,코스피267위,효성중공업
267,50700,51100,6898,코스피268위,경동나비엔
268,25850,25750,6827,코스피269위,애경산업
269,47750,47800,6782,코스피270위,일진다이아
270,89900,90500,6772,코스피271위,삼양식품
271,4190,4240,6761,코스피272위,동양생명
272,17550,17600,6708,코스피273위,한전기술
273,60200,53100,6663,코스피274위,덴티움
274,44400,45050,6637,코스피275위,한진
275,11100,11050,6631,코스피276위,HDC
276,39300,39250,6611,코스피277위,한일현대시멘트
277,73200,73100,6564,코스피278위,LG하우시스
278,18150,18000,6543,코스피279위,현대일렉트릭
279,17150,17000,6497,코스피280위,NICE
280,66240,66065,6492,,TIGER 미국나스닥100
281,17000,17000,6480,코스피282위,풀무원
282,14300,14400,6402,코스피283위,진원생명과학
283,43500,42300,6397,코스피284위,제일약품
284,3160,3120,6374,코스피285위,신성이엔지
285,29550,29000,6365,코스피286위,JW중외제약
286,9650,9720,6361,코스피287위,드림텍
287,57100,56600,6281,코스피288위,부산가스
288,4475,4460,6265,코스피289위,미래에셋대우2우B
289,40600,40450,6251,코스피290위,롯데정보통신
290,21350,21700,6244,코스피291위,코스모신소재
291,43020,42315,6216,,KOSEF 200
292,3110,3100,6207,코스피293위,유안타증권
293,71600,70700,6178,코스피294위,SPC삼립
294,27700,27750,6074,코스피295위,잇츠한불
295,10550,10450,6071,코스피296위,우리금융캐피탈
296,42865,42250,6065,,HANARO 200
297,2795,2775,5997,코스피298위,한화투자증권
298,57400,56600,5920,코스피299위,삼양사
299,50600,51200,5854,코스피300위,서흥
300,34400,34100,5848,코스피301위,해성디에스
301,7010,6980,5838,코스피302위,한진중공업
302,23500,23300,5828,코스피303위,율촌화학
303,59100,58300,5822,코스피304위,빙그레
304,663,675,5796,코스피305위,우리종금
305,11635,12100,5743,,TIGER 차이나전기차SOLACTIVE
306,112500,110000,5738,코스피307위,미원에스씨
307,41750,40700,5693,코스피308위,영원무역홀딩스
308,38750,38000,5687,코스피309위,SGC에너지
309,62800,64000,5583,코스피310위,유니드
310,5700,5710,5456,코스피311위,BGF
311,11500,11300,5438,코스피312위,SK렌터카
312,1735,1730,5384,코스피313위,롯데손해보험
313,25650,25400,5351,코스피314위,케이씨텍
314,14900,14750,5343,코스피315위,세아베스틸
315,105000,105000,5260,코스피316위,종근당홀딩스
316,20850,20800,5256,코스피317위,코오롱글로벌
317,2075,2060,5239,코스피318위,한국토지신탁
318,55700,55400,5228,코스피319위,신영증권
319,11750,11550,5165,코스피320위,한국카본
320,7360,7360,5152,,QV 코스피 변동성 매칭형 양매도 ETN
321,27600,27800,5127,코스피322위,한국콜마홀딩스
322,3650,3580,5020,코스피323위,삼부토건
323,3950,3950,4897,코스피324위,한국자산신탁
324,97400,95500,4870,코스피325위,서울가스
325,50150,49140,4865,,KOSEF 200TR
326,11550,11850,4814,코스피327위,디피씨
327,14350,14140,4779,,SMART 200TR
328,7390,7380,4778,코스피329위,교보증권
329,7740,7540,4764,코스피330위,삼성제약
330,28185,28070,4721,,KODEX 미국FANG플러스(H)
331,12050,11800,4687,코스피332위,태영건설
332,15900,16100,4649,코스피333위,LF
333,12860,12760,4649,,TIGER KRX BBIG K-뉴딜
334,4200,4205,4628,코스피335위,남선알미늄
335,8720,8870,4571,코스피336위,광동제약
336,18200,18600,4547,코스피337위,교촌에프앤비
337,28250,28600,4545,코스피338위,대성홀딩스
338,4850,4670,4529,코스피339위,필룩스
339,1135,1145,4524,코스피340위,에이프로젠제약
340,19000,19250,4518,코스피341위,선진
341,13450,13000,4438,코스피342위,모토닉
342,42150,41650,4414,코스피343위,한라홀딩스
343,4735,4875,4394,,KODEX 코스닥150선물인버스
344,388000,387000,4392,코스피345위,롯데푸드
345,137500,137500,4389,코스피346위,삼성화재우
346,18250,18250,4380,코스피347위,송원산업
347,3750,3785,4378,코스피348위,한화손해보험
348,37500,37600,4342,코스피349위,지역난방공사
349,8700,8690,4322,코스피350위,남해화학
350,23650,23450,4317,코스피351위,SBS
351,7760,7680,4293,코스피352위,화승인더
352,3770,3725,4255,코스피353위,현대퓨처넷
353,172500,159000,4253,코스피354위,DI동일
354,17700,17900,4213,코스피355위,일동제약
355,31650,32100,4193,코스피356위,AK홀딩스
356,20175,19755,4156,,KODEX Top5PlusTR
357,2770,0,4151,코스피358위,쌍용차
358,23500,23230,4148,,KODEX 자동차
359,45750,46450,4098,코스피360위,아세아제지
360,8470,8520,4051,코스피361위,스카이라이프
361,14450,13900,4036,코스피362위,동화약품
362,850,855,4017,코스피363위,SK증권
363,17450,19550,4014,코스피364위,고려제강
364,28850,27000,4000,코스피365위,KG케미칼
365,55800,55600,3936,코스피366위,신영증권우
366,14105,13680,3935,,KODEX 코스닥 150
367,9505,9520,3911,,KODEX WTI원유선물(H)
368,7800,7800,3900,,삼성 코스피 양매도 5% OTM ETN
369,4655,4590,3873,코스피370위,알루코
370,28500,28250,3863,코스피371위,케이씨
371,11450,11650,3858,코스피372위,엔에스쇼핑
372,27950,28300,3847,코스피373위,한독
373,23700,24000,3839,코스피374위,하나제약
374,6010,5910,3807,코스피375위,YG PLUS
375,33800,33250,3786,코스피376위,현대에너지솔루션
376,2600,2535,3782,코스피377위,진흥기업
377,7210,7130,3773,,신한알파리츠
378,31555,31100,3755,,KODEX 코스피
379,3870,3880,3749,코스피380위,유진투자증권
380,645,650,3741,,신한 레버리지 WTI원유 선물 ETN(H)
381,740,755,3730,,삼성 레버리지 WTI원유 선물 ETN
382,4010,4025,3723,,맵스리얼티1
383,63200,65000,3702,코스피384위,한국금융지주우
384,8030,7910,3698,코스피385위,한국철강
385,67000,67900,3676,코스피386위,종근당바이오
386,5170,5150,3661,코스피387위,태림포장
387,9200,9900,3659,코스피388위,동방
388,15650,15250,3632,코스피389위,하이트진로홀딩스
389,19500,19300,3627,코스피390위,환인제약
390,10000,9910,3621,코스피391위,대상홀딩스
391,4665,4690,3613,코스피392위,LG헬로비전
392,5790,5720,3611,코스피393위,무림P&P
393,3490,3400,3600,코스피394위,이월드
394,92100,89200,3588,코스피395위,아세아시멘트
395,17390,17430,3582,,KODEX 선진국MSCI World
396,11150,10450,3572,코스피397위,애경유화
397,53500,51900,3557,코스피398위,조광피혁
398,4210,4350,3551,코스피399위,엘브이엠씨홀딩스
399,11800,11750,3546,코스피400위,현대차증권
400,15000,15000,3543,코스피401위,코리아써키트
401,25300,25150,3517,코스피402위,삼진제약
402,22450,22950,3511,코스피403위,한농화성
403,29900,30000,3438,코스피404위,퍼시스
404,73900,73400,3427,코스피405위,농심홀딩스
405,1860,1845,3416,코스피406위,에이프로젠 KIC
406,117500,115500,3416,코스피407위,삼성전기우
407,83900,83200,3402,코스피408위,삼천리
408,13000,12900,3393,코스피409위,동성제약
409,16450,16350,3378,코스피410위,현대리바트
410,4925,4895,3371,코스피411위,JW홀딩스
411,16650,16600,3371,코스피412위,대원제약
412,13600,12350,3352,코스피413위,대한제강
413,4800,4765,3342,,코람코에너지리츠
414,12900,12900,3342,코스피415위,이수화학
415,25700,25190,3341,,KINDEX 200TR
416,21000,20800,3325,코스피417위,JW생명과학
417,5230,5190,3313,,이리츠코크렙
418,12600,12800,3290,코스피419위,코스모화학
419,8960,9020,3282,코스피420위,금호산업
420,11850,11800,3249,코스피421위,경방
421,18100,18050,3241,코스피422위,이연제약
422,76200,75900,3221,코스피423위,CJ4우(전환)
423,2900,2835,3200,코스피424위,티웨이항공
424,12400,12420,3199,,TIGER 차이나CSI300
425,246000,243500,3198,코스피426위,한국쉘석유
426,13400,13200,3189,코스피427위,한솔제지
427,9920,9870,3185,코스피428위,한솔테크닉스
428,79400,79100,3176,코스피429위,조선내화
429,11600,11750,3170,코스피430위,유니퀘스트
430,3740,3705,3168,코스피431위,대교
431,10950,11700,3155,코스피432위,한일홀딩스
432,31500,32800,3150,코스피433위,삼성출판사
433,54200,52900,3149,코스피434위,국도화학
434,3835,3860,3147,코스피435위,에어부산
435,50220,50225,3147,,TIGER CD금리투자KIS(합성)
436,13950,13900,3135,코스피437위,한화3우B
437,13000,12550,3120,코스피438위,그린케미칼
438,8740,8770,3093,코스피439위,아이마켓코리아
439,21700,21800,3084,코스피440위,삼양패키징
440,2640,2670,3081,코스피441위,KEC
441,12850,12600,3072,코스피442위,경보제약
442,19150,18500,3059,코스피443위,제일파마홀딩스
443,17050,17000,3052,코스피444위,자화전자
444,62700,61800,3035,코스피445위,KPX케미칼
445,1270,1265,3031,코스피446위,동양
446,2620,2625,3026,코스피447위,웅진씽크빅
447,11100,11000,3002,코스피448위,삼화페인트
448,7470,7300,2988,코스피449위,한세예스24홀딩스
449,74600,75200,2984,코스피450위,세아홀딩스
450,41750,42350,2961,코스피451위,아모레G3우(전환)
451,11050,10950,2959,코스피452위,자이에스앤디
452,14215,13945,2957,,KBSTAR ESG사회책임투자
453,29300,29250,2953,코스피454위,신도리코
454,23200,23500,2929,코스피455위,코오롱
455,19200,17950,2895,코스피456위,현대비앤지스틸
456,17750,16950,2894,코스피457위,S&T홀딩스
457,7000,6880,2891,코스피458위,경인양행
458,13300,13750,2885,코스피459위,경농
459,5070,5100,2882,코스피460위,세진중공업
460,8350,8300,2881,코스피461위,휴비스
461,2280,2280,2856,코스피462위,금호에이치티
462,18800,18750,2850,코스피463위,인지컨트롤스
463,12500,12150,2838,코스피464위,동부건설
464,1930,1900,2822,코스피465위,IHQ
465,2595,2685,2813,코스피466위,대영포장
466,17280,17000,2799,,HANARO MSCI Korea TR
467,2730,2575,2791,코스피468위,인스코비
468,27900,27300,2788,코스피469위,디티알오토모티브
469,14400,14400,2780,코스피470위,세방
470,8230,8140,2775,코스피471위,도화엔지니어링
471,40300,40150,2765,코스피472위,E1
472,188500,193000,2750,코스피473위,SK케미칼우
473,14850,14750,2744,코스피474위,KISCO홀딩스
474,31850,32650,2742,코스피475위,센트랄모텍
475,67900,66300,2736,코스피476위,신대양제지
476,1945,1995,2721,코스피477위,SBS미디어홀딩스
477,7400,7600,2718,코스피478위,팜스코
478,4170,4060,2679,코스피479위,흥국화재
479,12750,13000,2678,코스피480위,삼익THK
480,366,415,2647,코스피481위,이아이디
481,9500,9640,2643,코스피482위,세종공업
482,14300,14250,2641,코스피483위,삼영무역
483,18100,17900,2624,,TIGER 글로벌4차산업혁신기술(합성 H)
484,67400,67500,2610,코스피485위,신세계푸드
485,9970,9800,2592,코스피486위,대신증권우
486,4180,4075,2592,코스피487위,대원강업
487,85700,83900,2591,코스피488위,금호석유우
488,161500,160500,2584,코스피489위,광주신세계
489,24800,24650,2582,코스피490위,풍산홀딩스
490,28850,28150,2577,코스피491위,계룡건설
491,4255,4215,2566,코스피492위,KTB투자증권
492,5200,5330,2566,코스피493위,일진홀딩스
493,11050,10900,2562,코스피494위,KSS해운
494,90100,89100,2556,코스피495위,세아제강
495,4760,4700,2549,코스피496위,넥센
496,3650,0,2520,코스피497위,화승알앤에이
497,7870,7640,2518,코스피498위,현대약품
498,188500,190000,2502,코스피499위,CJ제일제당 우
499,5880,5730,2496,코스피500위,DB금융투자
500,102500,101500,2489,코스피501위,현대차3우B
501,58500,58100,2471,코스피502위,KPX홀딩스
502,8420,8330,2452,코스피503위,해태제과식품
503,145000,145000,2450,코스피504위,대한제분
504,3170,3120,2445,코스피505위,아남전자
505,194500,195000,2428,코스피506위,SK이노베이션우
506,12260,12300,2427,,KODEX 골드선물(H)
507,139000,139000,2391,코스피508위,신세계 I&C
508,6525,6430,2362,,KODEX 은행
509,21150,21100,2348,코스피510위,아시아나IDT
510,7050,6840,2344,코스피511위,S&T중공업
511,20250,20150,2341,코스피512위,효성ITX
512,4330,4330,2338,코스피513위,수산중공업
513,374000,382000,2336,코스피514위,BYC
514,6830,6770,2315,코스피515위,대덕
515,1610,1580,2314,코스피516위,신성통상
516,17400,17350,2302,코스피517위,현대상사
517,3345,3285,2297,코스피518위,코오롱머티리얼
518,6030,5890,2291,코스피519위,코오롱플라스틱
519,4745,4650,2284,코스피520위,용평리조트
520,7400,7460,2266,코스피521위,LS전선아시아
521,21850,21550,2266,코스피522위,부국증권
522,12845,12675,2261,,KBSTAR Fn수소경제테마
523,2865,2910,2258,코스피524위,LS네트웍스
524,67500,68400,2237,코스피525위,LG우
525,1630,1585,2231,코스피526위,동양물산
526,4460,4460,2230,,신한 WTI원유 선물 ETN(H)
527,48600,48350,2220,코스피528위,샘표식품
528,5040,4935,2217,코스피529위,동성코퍼레이션
529,6690,6780,2204,코스피530위,HSD엔진
530,16450,16600,2198,코스피531위,두산퓨얼셀1우
531,33185,33245,2190,,KINDEX 중국본토CSI300
532,11400,11500,2180,코스피533위,키다리스튜디오
533,1825,1695,2164,코스피534위,오리엔트바이오
534,300000,297500,2160,코스피535위,남양유업
535,18650,18250,2158,코스피536위,한신공영
536,14165,13800,2153,,TIGER 코스닥150
537,4885,4755,2152,코스피538위,금양
538,10750,10650,2150,코스피539위,삼영전자
539,7950,7890,2149,코스피540위,에이블씨엔씨
540,80300,80100,2136,코스피541위,일성신약
541,88700,86700,2129,코스피542위,일신방직
542,3250,3245,2126,코스피543위,SIMPAC
543,7070,7260,2121,코스피544위,KCTC
544,39750,39800,2107,코스피545위,대한방직
545,35000,34350,2100,코스피546위,포스코강판
546,6410,6470,2059,코스피547위,제주은행
547,34000,33950,2040,코스피548위,예스코홀딩스
548,92800,92700,2033,코스피549위,아세아
549,6310,6300,2013,코스피550위,HDC현대EP
550,22200,22250,1991,코스피551위,대한제당
551,121525,121010,1981,,KOSEF 국고채10년
552,12300,12300,1976,코스피553위,한국화장품
553,8060,7820,1976,코스피554위,성신양회
554,6930,6930,1975,코스피555위,무학
555,8620,8540,1965,코스피556위,한국주철관
556,48450,48200,1949,코스피557위,S-Oil우
557,4625,4280,1942,코스피558위,유니온머티리얼
558,5710,5670,1939,코스피559위,명문제약
559,38750,38450,1938,코스피560위,사조산업
560,102960,102970,1935,,HANARO 단기통안채
561,4970,4975,1932,코스피562위,한라
562,6120,5980,1928,코스피563위,디아이
563,8080,8160,1917,코스피564위,대동공업
564,63800,62800,1914,코스피565위,삼양통상
565,16600,16400,1909,코스피566위,동아지질
566,2090,2065,1905,코스피567위,대창
567,78500,78300,1904,코스피568위,동일산업
568,2300,2300,1898,코스피569위,GS글로벌
569,9490,9380,1898,코스피570위,노루페인트
570,16440,16510,1891,,KINDEX 베트남VN30(합성)
571,116000,116500,1888,코스피572위,삼성물산우B
572,3985,4000,1866,코스피573위,AJ네트웍스
573,36880,36215,1862,,KODEX 반도체
574,44900,44400,1860,코스피575위,세아제강지주
575,6830,6750,1846,코스피576위,서연이화
576,83800,82600,1844,코스피577위,신풍제약우
577,7365,7365,1841,,하나 코스피 변동성추세 추종 양매도 ETN
578,104315,104305,1835,,KBSTAR 단기통안채
579,18255,18255,1826,,삼성 KTOP30 ETN
580,14135,13410,1818,,KBSTAR 코스닥150선물레버리지
581,903,895,1817,코스피582위,DB
582,4395,4410,1802,,미래에셋 레버리지 원유선물혼합 ETN(H)
583,31720,31145,1792,,KBSTAR 코스피
584,44600,42600,1784,코스피585위,신세계건설
585,15450,15450,1783,코스피586위,일동홀딩스
586,37250,36900,1757,코스피587위,테이팩스
587,3385,3455,1745,코스피588위,인바이오젠
588,15465,15190,1740,,ARIRANG 코스피TR
589,1230,1185,1736,코스피590위,사조동아원
590,4090,4010,1732,코스피591위,이엔플러스
591,8140,8095,1729,,TIGER 중국소비테마
592,74000,74000,1717,코스피593위,미원홀딩스
593,2475,2455,1697,코스피594위,벽산
594,47000,46900,1697,코스피595위,동남합성
595,13300,12300,1693,코스피596위,삼일씨엔에스
596,12785,12600,1688,,KODEX 배당가치
597,50195,49435,1682,,HANARO 200TR
598,12800,13300,1680,코스피599위,비케이탑스
599,13880,13465,1679,,KBSTAR 코스닥150
600,3730,3720,1675,코스피601위,백광산업
601,7130,7000,1674,코스피602위,서연
602,7540,7450,1674,코스피603위,영풍제지
603,4575,4550,1673,코스피604위,모나리자
604,11070,10945,1670,,ARIRANG 고배당주
605,6890,6660,1667,코스피606위,백산
606,36700,36850,1663,코스피607위,한국화장품제조
607,5680,5680,1660,코스피608위,태경산업
608,4730,4560,1652,코스피609위,화신
609,10000,10050,1646,코스피610위,HDC아이콘트롤스
610,50055,50075,1644,,TIGER 단기채권액티브
611,14800,14200,1634,코스피612위,디와이파워
612,10200,10050,1632,코스피613위,신라교역
613,12200,11250,1627,코스피614위,제이에스코퍼레이션
614,14000,13650,1624,코스피615위,태경케미컬
615,2015,1960,1623,코스피616위,한솔홈데코
616,4510,4500,1620,코스피617위,CJ씨푸드
617,4150,4105,1614,코스피618위,국동
618,2305,2320,1608,코스피619위,성창기업지주
619,8690,8680,1599,코스피620위,국제약품
620,8470,8480,1598,코스피621위,NH투자증권우
621,2290,2185,1598,코스피622위,세원셀론텍
622,3990,3955,1596,코스피623위,카프로
623,75100,71600,1588,코스피624위,DL이앤씨우
624,17300,17300,1585,코스피625위,사조대림
625,4840,4880,1578,코스피626위,한전산업
626,11850,11650,1575,코스피627위,노루홀딩스
627,5980,6020,1574,코스피628위,디와이
628,3460,3385,1562,코스피629위,까뮤이앤씨
629,8160,8300,1556,코스피630위,지엠비코리아
630,16150,16450,1551,코스피631위,코스맥스비티아이
631,10990,10990,1550,,TIGER 미국S&P500
632,1300,1310,1546,코스피633위,동양철관
633,1930,1935,1544,,한국패러랠
634,6690,6630,1539,코스피635위,STX엔진
635,4405,4410,1535,코스피636위,써니전자
636,2160,2175,1535,코스피637위,신일전자
637,640,634,1532,코스피638위,쌍방울
638,4095,4190,1525,코스피639위,깨끗한나라
639,3630,3625,1525,코스피640위,한솔홀딩스
640,114500,114000,1521,코스피641위,대한화섬
641,3355,3240,1518,코스피642위,대성산업
642,37950,38500,1517,코스피643위,두산우
643,5190,5250,1506,코스피644위,금강공업
644,4610,4655,1503,코스피645위,계양전기
645,45805,45810,1500,,TIGER 미국S&P500선물(H)
646,6860,6740,1500,코스피647위,핸즈코퍼레이션
647,5730,5720,1492,코스피648위,유수홀딩스
648,2665,2690,1490,코스피649위,진양홀딩스
649,141000,139500,1489,코스피650위,부산산업
650,12700,12650,1486,코스피651위,디씨엠
651,51600,51900,1484,코스피652위,샘표
652,8400,8380,1482,코스피653위,토니모리
653,5140,5150,1479,코스피654위,에쓰씨엔지니어링
654,406,457,1479,코스피655위,서울식품
655,1895,1905,1468,코스피656위,일신석재
656,2525,2500,1463,코스피657위,광전자
657,22350,22450,1453,코스피658위,강남제비스코
658,3955,3830,1452,코스피659위,NPC
659,36155,35635,1446,,TIGER 차이나CSI300레버리지(합성)
660,11600,11700,1444,코스피661위,화성산업
661,22300,22450,1437,코스피662위,아모레G우
662,100200,100200,1432,,KINDEX 단기통안채
663,10400,10350,1428,코스피664위,동아타이어
664,1575,1575,1426,코스피665위,삼익악기
665,251500,249000,1424,코스피666위,SK우
666,3450,3420,1424,코스피667위,이수페타시스
667,9110,9210,1422,코스피668위,유니온
668,5160,5170,1419,코스피669위,대성에너지
669,2630,2850,1404,코스피670위,영화금속
670,3785,3780,1403,코스피671위,일진전기
671,21200,21200,1402,코스피672위,삼화전기
672,691,683,1399,코스피673위,SG세계물산
673,13980,13860,1398,,신한 레버리지 은 선물 ETN(H)
674,111000,108500,1396,코스피675위,조선선재
675,7000,6900,1395,코스피676위,DRB동일
676,699,702,1387,코스피677위,마니커
677,20700,20000,1386,코스피678위,삼일제약
678,3450,3370,1380,코스피679위,삼원강재
679,14000,13600,1376,코스피680위,남광토건
680,4855,5000,1375,코스피681위,일진디스플
681,6080,5990,1375,코스피682위,에이플러스에셋
682,2300,2300,1372,코스피683위,한창제지
683,603,605,1370,코스피684위,큐로
684,62000,61700,1364,코스피685위,미원화학
685,45140,43735,1363,,TIGER 헬스케어
686,9170,9180,1362,코스피687위,크라운해태홀딩스
687,2910,2885,1361,코스피688위,웰바이오텍
688,5830,5815,1358,,KODEX 은선물(H)
689,11835,11690,1349,,TIGER 차이나항셍테크
690,3715,3705,1345,코스피691위,남성
691,9120,9140,1342,코스피692위,우리들제약
692,11055,11035,1327,,KINDEX 미국S&P500
693,25950,25700,1323,,TIGER 현대차그룹+펀더멘털
694,2205,2190,1321,코스피695위,보락
695,9400,8780,1316,코스피696위,황금에스티
696,3980,3990,1311,코스피697위,넥스트사이언스
697,2185,2090,1311,코스피698위,에넥스
698,3365,3340,1309,코스피699위,디아이씨
699,57600,57200,1302,코스피700위,CJ우
700,10200,10000,1298,코스피701위,한양증권
701,2720,2690,1296,코스피702위,대우부품
702,37850,37110,1294,,TIGER 반도체
703,6465,6430,1293,,신한 인버스 2X 천연가스 선물 ETN(H)
704,22030,21665,1291,,KBSTAR IT플러스
705,3145,3105,1291,코스피706위,세이브존I&C
706,2265,2255,1284,코스피707위,유화증권
707,12840,12840,1284,,대신 골드 커버드콜 타겟 5%인컴 ETN(H)
708,10200,10100,1277,코스피709위,크라운제과
709,63000,61800,1260,코스피710위,시디즈
710,2500,2490,1260,코스피711위,우리들휴브레인
711,20515,19725,1251,,TIGER 200선물레버리지
712,4535,4510,1251,코스피713위,태경비케이
713,11365,11355,1250,,KINDEX 미국나스닥100
714,39450,39500,1249,코스피715위,한국공항
715,18905,18435,1248,,KODEX Fn성장
716,1295,1370,1245,코스피717위,KR모터스
717,3570,3500,1245,코스피718위,극동유화
718,1455,1450,1237,코스피719위,신원
719,12850,12400,1234,코스피720위,신흥
720,4950,4910,1229,코스피721위,범양건영
721,4125,4355,1227,코스피722위,인터지스
722,8980,8970,1226,코스피723위,동일고무벨트
723,4265,3690,1224,코스피724위,세우글로벌
724,8160,8170,1224,,TRUE 코스피 양매도 5% OTM ETN
725,3920,3730,1221,코스피726위,형지엘리트
726,2915,2855,1213,코스피727위,무림페이퍼
727,2540,2595,1206,코스피728위,서원
728,934,925,1190,코스피729위,보해양조
729,15850,15700,1190,코스피730위,S&TC
730,12405,12145,1188,,TIGER 경기방어
731,10750,10250,1182,코스피732위,삼아알미늄
732,105555,105545,1182,,KBSTAR 중기우량회사채
733,12950,12750,1179,코스피734위,현대코퍼레이션홀딩스
734,7840,7840,1176,,미래에셋 코스피 양매도 5% OTM ETN
735,8620,9040,1171,코스피736위,센트럴인사이트
736,3955,3980,1169,코스피737위,대양금속
737,23330,23215,1166,,삼성 인버스 2X 천연가스 선물 ETN B
738,2710,2760,1157,코스피739위,KTcs
739,8890,8760,1156,코스피740위,KC코트렐
740,1650,1655,1155,,한국ANKOR유전
741,1075,1075,1149,코스피742위,대유에이텍
742,46740,46680,1147,,KODEX 국채선물10년인버스
743,4770,4790,1145,,이지스밸류리츠
744,21590,21260,1144,,KBSTAR 200TR
745,102455,102455,1138,,KODEX 단기변동금리부채권액티브
746,15450,15600,1138,코스피747위,솔루스첨단소재1우
747,2135,2225,1138,,TIGER 200선물인버스2X
748,4535,4485,1134,코스피749위,삼호개발
749,3880,3845,1133,코스피750위,기신정기
750,1475,1485,1131,코스피751위,티웨이홀딩스
751,2855,2865,1131,,TIGER 원유선물Enhanced(H)
752,3815,3765,1127,코스피753위,한진중공업홀딩스
753,2500,2460,1124,코스피754위,SG충방
754,22445,22685,1122,,TRUE 레버리지 나스닥 100 ETN
755,2335,2310,1122,코스피756위,퍼스텍
756,3445,3580,1122,코스피757위,덕양산업
757,11500,11500,1116,코스피758위,텔코웨어
758,1170,1160,1108,코스피759위,영흥
759,10100,10250,1107,코스피760위,한미글로벌
760,63600,64700,1106,코스피761위,미창석유
761,18850,18845,1103,,KODEX 미국S&P500선물(H)
762,4770,4890,1097,코스피763위,TCC스틸
763,18600,18650,1097,코스피764위,경동도시가스
764,5710,5640,1096,코스피765위,새론오토모티브
765,1665,1600,1095,코스피766위,윌비스
766,1535,1475,1090,코스피767위,대원전선
767,24900,24850,1089,코스피768위,인천도시가스
768,5520,5470,1089,코스피769위,STX
769,20900,21000,1085,코스피770위,조비
770,1120,1130,1076,코스피771위,상상인증권
771,3970,3740,1075,코스피772위,두올
772,958,974,1065,코스피773위,SH에너지화학
773,12980,12795,1064,,HANARO Fn K-뉴딜디지털플러스
774,21275,21380,1064,,대신 2X 니켈선물 ETN(H)
775,16455,16380,1053,,KINDEX 삼성그룹섹터가중
776,175000,173000,1050,코스피777위,조흥
777,12100,12100,1037,코스피778위,세아특수강
778,2390,2335,1036,코스피779위,광명전기
779,2095,2050,1034,코스피780위,국보
780,1940,1860,1033,코스피781위,한국특수형강
781,4600,4710,1032,코스피782위,KC그린홀딩스
782,1290,1310,1032,코스피783위,엔케이
783,4120,4100,1028,코스피784위,고려산업
784,1780,1770,1025,코스피785위,세하
785,20450,20475,1022,,TRUE 레버리지 S&P500 선물 ETN(H)
786,3055,2940,1022,코스피787위,이구산업
787,1505,1495,1021,코스피788위,콤텍시스템
788,20395,20125,1020,,KODEX MSCI Korea
789,2915,2885,1019,코스피790위,신풍제지
790,11705,11650,1018,,KBSTAR Fn5G테크
791,9410,8780,1018,코스피792위,대구백화점
792,1480,1465,1017,코스피793위,유니켐
793,9280,9180,1016,코스피794위,이건산업
794,10075,9935,1008,,TIGER 탄소효율그린뉴딜
795,11885,11805,1004,,KODEX 차이나항셍테크
796,3250,3300,1004,코스피797위,우성사료
797,17275,16695,993,,KBSTAR 대형고배당10TR
798,12350,12400,992,코스피799위,유유제약
799,2235,2215,990,코스피800위,대현
800,6300,6010,988,코스피801위,덕성
801,150500,117000,986,코스피802위,한국석유
802,20525,20310,985,,KODEX 한국대만IT프리미어
803,625,679,985,코스피804위,세화아이엠씨
804,4770,4800,983,,이지스레지던스리츠
805,19635,19570,982,,TRUE 인버스 2X 천연가스 선물 ETN(H)
806,2880,2845,979,코스피807위,삼영화학
807,818,825,973,코스피808위,대유플러스
808,26735,26730,962,,TIGER 미국S&P500레버리지(합성 H)
809,5090,4840,962,코스피810위,모나미
810,1985,1985,956,코스피811위,태평양물산
811,3340,3460,955,코스피812위,NI스틸
812,4760,4765,952,,신한 레버리지 천연가스 선물 ETN
813,9510,9340,951,코스피814위,대신증권2우B
814,4730,4700,951,,미래에셋맵스리츠
815,4425,4430,950,코스피816위,상신브레이크
816,5170,5020,947,코스피817위,우신시스템
817,10000,10100,942,코스피818위,사조오양
818,46920,46475,938,,대신 철광석 선물 ETN(H)
819,2680,2725,933,코스피820위,KTis
820,5550,5440,925,코스피821위,대림B&Co
821,3260,3115,925,코스피822위,STX중공업
822,64700,64200,925,코스피823위,천일고속
823,2460,2520,923,코스피824위,페이퍼코리아
824,5540,5530,918,코스피825위,지투알
825,6400,6350,914,코스피826위,대창단조
826,5270,5160,907,코스피827위,사조씨푸드
827,6660,6680,907,코스피828위,동방아그로
828,6360,6300,898,코스피829위,휴니드
829,5600,5520,896,코스피830위,DSR
830,14930,14950,896,,KODEX 중국본토CSI300
831,3910,3885,894,코스피832위,한국내화
832,22300,22500,892,코스피833위,한국수출포장
833,101865,101860,885,,KBSTAR 단기국공채액티브
834,1325,1305,885,코스피835위,한창
835,3310,3300,885,코스피836위,비비안
836,2900,2845,883,코스피837위,한국프랜지
837,52560,52585,883,,TIGER 중장기국채
838,21200,20950,882,코스피839위,가온전선
839,12515,12465,876,,TIGER 유로스탁스50(합성 H)
840,58160,58100,872,,KODEX 국고채3년
841,16300,16300,870,코스피842위,동성화학
842,2055,2035,870,코스피843위,방림
843,3125,3185,859,코스피844위,한솔로지스틱스
844,8585,8630,858,,삼성 레버리지 천연가스 선물 ETN B
845,6590,6500,856,코스피846위,비상교육
846,1075,1045,853,코스피847위,웅진
847,16950,16950,848,,KB KTOP30 ETN
848,6810,6900,840,코스피849위,쎌마테라퓨틱스
849,2275,2260,840,코스피850위,제이준코스메틱
850,4160,4175,833,코스피851위,성보화학
851,14945,14215,829,,TIGER 코스닥150 레버리지
852,4140,4030,828,코스피853위,부국철강
853,7550,6840,827,코스피854위,한국종합기술
854,97300,96900,823,코스피855위,녹십자홀딩스2우
855,1480,1465,821,코스피856위,참엔지니어링
856,10200,10150,816,코스피857위,호전실업
857,6370,6460,815,코스피858위,조광페인트
858,37750,37750,813,코스피859위,삼화왕관
859,4065,4100,813,코스피860위,영보화학
860,90100,90600,811,코스피861위,신영와코루
861,8090,0,809,코스피862위,세원정공
862,8025,8025,802,,KB 코스피 마운틴 ETN
863,3970,3880,802,코스피864위,우진
864,3080,3025,799,코스피865위,유성기업
865,1355,1325,799,코스피866위,인디에프
866,7970,7820,797,코스피867위,인팩
867,10815,10475,789,,TIGER KRX바이오K-뉴딜
868,13610,13485,789,,TIGER 차이나HSCEI
869,5100,5030,785,코스피870위,다스코
870,4195,4205,783,,NH프라임리츠
871,1895,1800,782,코스피872위,대원화성
872,5910,5850,778,코스피873위,동양피스톤
873,12370,12485,777,,TIGER 차이나바이오테크SOLACTIVE
874,5310,5130,765,코스피875위,DSR제강
875,18100,18100,751,코스피876위,만호제강
876,3765,3750,751,,KBSTAR 미국S&P원유생산기업(합성 H)
877,5900,5790,750,코스피878위,혜인
878,6250,6240,750,코스피879위,한익스프레스
879,19710,19335,749,,KODEX KRX300
880,3645,3770,747,코스피881위,문배철강
881,55000,55600,747,코스피882위,SK디스커버리우
882,31550,30850,746,코스피883위,경동인베스트
883,37160,36585,743,,미래에셋 전기전자 Core5 ETN
884,7370,7310,737,코스피885위,제일연마
885,17020,16750,732,,TIGER 소프트웨어
886,23570,23700,731,,KBSTAR 중국본토대형주CSI100
887,61700,62900,729,코스피888위,유한양행우
888,43100,42050,727,코스피889위,DL우
889,28850,28750,721,코스피890위,삼정펄프
890,2430,2380,718,코스피891위,화인베스틸
891,5080,5050,715,코스피892위,미래에셋대우우
892,1220,0,714,코스피893위,유양디앤유
893,71360,71030,714,,삼성 레버리지 China A50 선물 ETN(H)
894,13445,13520,707,,ARIRANG 신흥국MSCI(합성 H)
895,11770,11770,706,,KB Wise 분할매매 ETN
896,14120,13785,706,,KB KQ 우량주30 ETN
897,13230,13190,701,,TIGER 미국MSCI리츠(합성 H)
898,23180,23090,695,,삼성 레버리지 은 선물 ETN(H)
899,1285,1270,694,코스피900위,일성건설
900,25050,24500,693,코스피901위,코오롱인더우
901,31400,31350,691,코스피902위,화천기공
902,23700,23800,686,코스피903위,동양고속
903,1105,0,685,코스피904위,키위미디어그룹
904,13055,13295,679,,KODEX 심천ChiNext(합성)
905,58800,57900,679,코스피906위,CS홀딩스
906,8860,9250,675,코스피907위,휴스틸
907,521,493,675,코스피908위,미래아이앤지
908,67400,65500,674,코스피909위,금비
909,8260,8230,671,코스피910위,삼성공조
910,1180,927,671,코스피911위,성안
911,1450,1420,670,,케이탑리츠
912,7830,7810,669,,KODEX 증권
913,111310,111295,668,,TIGER 국채3년
914,33360,32985,667,,QV 하드웨어 TOP5 ETN
915,31485,31170,645,,TIGER 코스피
916,21850,21525,634,,KODEX 미디어&엔터테인먼트
917,103500,103475,631,,KBSTAR 금융채액티브
918,3505,3450,631,코스피919위,선도전기
919,989,997,630,코스피920위,메타랩스
920,22480,22150,629,,TIGER 200TR
921,2095,2065,628,,TRUE 인버스 2X 나스닥 100 ETN
922,4020,3960,627,코스피923위,SJM
923,15255,15045,625,,KODEX 200IT TR
924,82900,83600,623,코스피925위,호텔신라우
925,1135,1155,623,코스피926위,평화산업
926,3440,3280,619,코스피927위,티에이치엔
927,2270,2200,616,코스피928위,대호에이엘
928,54800,52500,616,코스피929위,한화솔루션우
929,4030,4050,614,코스피930위,대림통상
930,8030,7940,612,코스피931위,우진아이엔에스
931,12310,12100,609,,TIGER MSCI KOREA ESG리더스
932,30450,30450,609,,미래에셋 레버리지 S&P500 ETN(H)
933,5025,5010,606,,TIGER 부동산인프라고배당
934,30100,30130,602,,신한 레버리지 다우존스지수 선물 ETN(H)
935,9820,9800,602,,KODEX 미국달러선물
936,22250,21805,601,,KODEX IT
937,5650,5600,593,코스피938위,대동전자
938,3175,3155,593,코스피939위,미래산업
939,19600,19600,588,코스피940위,부국증권우
940,4275,4320,586,,TIGER 인버스
941,2215,2230,585,코스피942위,한일철강
942,1790,1815,581,코스피943위,한신기계
943,58600,58800,579,코스피944위,롯데지주우
944,874,861,577,코스피945위,케이비아이동국실업
945,4540,4595,572,코스피946위,선창산업
946,7710,7720,569,코스피947위,MH에탄올
947,19000,19250,567,코스피948위,두산퓨얼셀2우B
948,31500,31550,562,코스피949위,GS우
949,11005,11150,561,,KBSTAR 미국나스닥100
950,11200,11165,560,,TRUE 나스닥 100 ETN
951,74390,72485,558,,TIGER 200IT레버리지
952,3640,3685,558,코스피953위,WISCOM
953,33000,34400,554,코스피954위,전방
954,5530,5530,553,코스피955위,우진플라임
955,1225,0,551,코스피956위,폴루스바이오팜
956,10950,10925,548,,TRUE S&P500 선물 ETN
957,15050,14895,542,,KODEX 코스피대형주
958,4100,0,539,코스피959위,컨버즈
959,983,983,537,코스피960위,주연테크
960,29745,28520,535,,HANARO 200선물레버리지
961,1140,1160,534,코스피962위,한국전자홀딩스
962,3630,3585,531,코스피963위,평화홀딩스
963,10600,10600,530,,삼성 코스피 풋매도 ETN
964,19580,19225,529,,SMART KRX300
965,3535,3540,528,코스피966위,SJM홀딩스
966,1645,1655,526,코스피967위,체시스
967,99445,99500,525,,KBSTAR 국고채3년선물인버스
968,4025,3970,523,코스피969위,진양산업
969,2365,2380,520,코스피970위,화천기계
970,5835,5825,519,,TIGER 농산물선물Enhanced(H)
971,609,612,512,코스피972위,조일알미늄
972,3870,3730,511,코스피973위,유엔젤
973,25450,25025,509,,QV 소프트웨어 TOP5 ETN
974,10045,9905,502,,KODEX 탄소효율그린뉴딜
975,55600,54900,497,코스피976위,두산2우B
976,31550,31150,496,코스피977위,경인전자
977,3210,3200,494,,KODEX 건설
978,1055,1030,493,코스피979위,동원금속
979,2530,2490,492,코스피980위,대교우B
980,6140,6130,491,,대신 WTI원유 선물 ETN(H)
981,14970,14945,487,,KODEX 미국러셀2000(H)
982,4110,4075,486,코스피983위,신송홀딩스
983,100960,100970,486,,KOSEF 단기자금
984,62000,62800,481,코스피985위,롯데칠성우
985,7740,7640,481,코스피986위,한성기업
986,11400,11505,479,,TIGER 미국채10년선물
987,101155,101155,475,,KOSEF 통안채1년
988,4745,4755,474,,TRUE 레버리지 천연가스 선물 ETN(H)
989,19820,19445,466,,KBSTAR KRX300
990,584,566,464,코스피991위,엔케이물산
991,17825,18525,463,,TIGER 미국다우존스30
992,16500,16300,462,코스피993위,이화산업
993,1075,925,461,코스피994위,이스타코
994,6840,6890,459,코스피995위,하이트론
995,3670,3640,457,코스피996위,진도
996,27700,28900,456,코스피997위,솔루스첨단소재2우B
997,40700,41050,452,코스피998위,대한항공우
998,11570,11500,451,,TIGER KRX인터넷K-뉴딜
999,1225,1210,450,코스피1000위,태양금속
1000,22475,22525,450,,미래에셋 미국 항공우주 ETN(H)
1001,8970,8920,448,,신한 인버스 2X 천연가스 선물 ETN
1002,20300,19800,447,코스피1003위,원림
1003,3400,3170,439,코스피1004위,한세엠케이
1004,21800,21700,436,코스피1005위,하이스틸
1005,8705,8740,435,,삼성 인버스 2X 나스닥 100 ETN(H)
1006,14265,14155,428,,KODEX 코스피TR
1007,21130,20960,427,,TIGER 200 에너지화학
1008,104235,104145,424,,KBSTAR 중장기국공채액티브
1009,3495,3480,419,코스피1010위,진양화학
1010,11140,11110,419,,TIGER 글로벌클라우드컴퓨팅INDXX
1011,9000,8950,419,코스피1012위,동원수산
1012,20895,20895,418,,QV 화학 TOP5 ETN
1013,2375,2380,415,코스피1014위,유화증권우
1014,20680,20680,414,,삼성 China A50 선물 ETN(H)
1015,1480,1465,408,코스피1016위,갤럭시아에스엠
1016,20335,20335,407,,미래에셋 미국 대형주 ETN(H)
1017,2700,2635,405,코스피1018위,동일제강
1018,20185,20225,404,,삼성 미국 대형 성장주 ETN(H)
1019,19985,19725,400,,미래에셋 중국 심천 100 ETN
1020,698,685,397,코스피1021위,부산주공
1021,99000,99000,396,,KINDEX KIS종합채권(AA-이상)액티브
1022,19740,19695,395,,QV 레버리지 S&P500 ETN
1023,19505,19505,390,,미래에셋 미국 중형주 ETN(H)
1024,19415,19415,388,,삼성 미국 대형 성장주 ETN
1025,6730,6680,388,,TIGER 미디어컨텐츠
1026,7685,7685,384,,KB 코스피 양매도 5% OTM ETN
1027,1870,1795,383,코스피1028위,한솔PNS
1028,19130,19160,383,,신한 다우존스지수 선물 ETN(H)
1029,19075,18990,382,,신한 구리 선물 ETN(H)
1030,7525,7525,376,,TRUE 코스피 양매도 ATM ETN
1031,24920,24895,374,,KODEX 중국본토 A50
1032,7475,7475,374,,TRUE 코스피 양매도 3% OTM ETN
1033,12805,12610,371,,KODEX MSCI KOREA ESG유니버설
1034,3545,3435,371,코스피1035위,삼화전자
1035,9490,9490,370,,TIGER 미국달러단기채권액티브
1036,97170,97170,367,,KODEX 장기종합채권(AA-이상)액티브KAP
1037,1880,1860,366,코스피1038위,성문전자
1038,1175,1160,363,코스피1039위,코아스
1039,34850,35300,360,코스피1040위,LG하우시스우
1040,8905,9075,356,,HANARO 200선물인버스
1041,16945,16920,356,,KODEX 미국나스닥100선물(H)
1042,2335,2335,355,,바다로19호
1043,17735,17600,355,,미래에셋 에너지화학 Core5 ETN
1044,107345,107310,354,,KINDEX 국고채3년
1045,17650,16865,353,,QV 바이오 TOP5 ETN
1046,11380,11300,353,,TIGER KRX게임K-뉴딜
1047,13995,13615,353,,HANARO 코스닥150
1048,1690,1655,352,코스피1049위,TBH글로벌
1049,162000,165000,349,코스피1050위,BYC우
1050,23195,23000,348,,KODEX China H
1051,4880,4890,346,,TIGER 여행레저
1052,300500,300000,345,코스피1053위,삼성중공우
1053,17245,16780,345,,QV 자동차 TOP5 ETN
1054,113565,113515,341,,KBSTAR 국고채3년
1055,112935,112970,339,,KOSEF 국고채3년
1056,8915,8880,338,,KODEX 미국달러선물레버리지
1057,16865,16470,337,,미래에셋 미디어엔터 Core5 ETN
1058,19625,19220,334,,TIGER KRX300
1059,16350,16350,327,,미래에셋 일본 대형주 ETN(H)
1060,10660,10575,320,,신한 S&P500 VIX S/T 선물 ETN B
1061,1465,1445,320,코스피1062위,에이엔피
1062,15965,16085,319,,신한 레버리지 금 선물 ETN
1063,2470,2460,319,코스피1064위,유안타증권우
1064,15915,15915,318,,미래에셋 미국 헬스케어 ETN(H)
1065,230,232,317,,베트남개발1
1066,2640,2550,316,코스피1067위,금호전기
1067,3160,3110,316,코스피1068위,진양폴리
1068,8315,8200,316,,KODEX China H 레버리지(H)
1069,4155,4100,316,코스피1070위,태원물산
1070,15695,15695,314,,미래에셋 미국 고배당주 ETN(H)
1071,15665,15640,313,,신한 인버스 천연가스 선물 ETN(H)
1072,20775,20650,312,,TIGER 미국나스닥바이오
1073,15530,15470,311,,신한 은 선물 ETN(H)
1074,25865,24850,310,,TIGER 레버리지
1075,30910,31125,309,,삼성 레버리지 금 선물 ETN(H)
1076,7715,7705,309,,신한 브렌트원유 선물 ETN(H)
1077,10235,10195,307,,미래에셋 원자재 선물 ETN(H)
1078,258,0,301,코스피1079위,흥아해운
1079,180000,179500,300,코스피1080위,남양유업우
1080,24870,23930,298,,KBSTAR 200선물레버리지
1081,14895,14895,298,,신한 K200 USD 선물 바이셀 ETN
1082,9855,9880,296,,미래에셋 KRX금현물 Auto-KO-C 2312-01 ETN
1083,14755,14735,295,,신한 레버리지 S&P500 선물 ETN
1084,14040,13690,295,,KINDEX 코스닥150
1085,14700,14640,294,,삼성 미국 대형 가치주 ETN(H)
1086,20950,20685,293,,KBSTAR 글로벌4차산업IT(합성 H)
1087,2065,2140,293,,KBSTAR 200선물인버스2X
1088,14495,14495,290,,미래에셋 일본 중형주 ETN(H)
1089,16000,16015,288,,ARIRANG 미국S&P500(H)
1090,14325,14325,286,,미래에셋 유럽 중형주 ETN(H)
1091,31740,31190,286,,ARIRANG 코스피
1092,22600,22350,284,코스피1093위,티와이홀딩스우
1093,23300,22800,283,코스피1094위,신화실업
1094,14085,14075,282,,삼성 미국 대형 가치주 ETN
1095,11670,11655,281,,KOSEF 미국달러선물
1096,7400,7300,281,,TIGER 차이나CSI300인버스(합성)
1097,13960,13960,279,,미래에셋 호주 ASX200 ETN(H)
1098,4840,4975,278,,TIGER 코스닥150선물인버스
1099,15840,15700,277,,KOSEF 인도Nifty50(합성)
1100,13770,13845,275,,신한 금 선물 ETN(H)
1101,6425,6405,275,,TIGER 200 금융
1102,15205,15100,274,,KINDEX 미국WideMoat가치주
1103,12990,12745,273,,KODEX Fn K-뉴딜디지털플러스
1104,24535,23535,270,,KOSEF 200선물레버리지
1105,60500,59400,269,코스피1106위,일양약품우
1106,16815,16605,269,,HANARO e커머스
1107,7270,7240,268,코스피1108위,세방우
1108,10955,10750,263,,KODEX 200가치저변동
1109,100215,100215,263,,SMART KIS단기통안채
1110,2005,2000,262,,하이골드12호
1111,6890,6930,261,,에이리츠
1112,9970,9890,259,,KODEX 미국S&P고배당커버드콜(합성 H)
1113,12945,12945,259,,미래에셋 유럽 대형주 ETN(H)
1114,15140,14860,257,,KODEX 200ESG
1115,14925,14745,254,,KODEX 배당성장
1116,61600,0,251,코스피1117위,세기상사
1117,92940,93285,251,,ARIRANG 미국장기우량회사채
1118,12485,12155,250,,TRUE 레버리지 유로스탁스50 ETN(H)
1119,18200,18000,249,코스피1120위,대상우
1120,8895,8875,249,,KODEX 고배당
1121,620,620,248,,QV 레버리지 WTI원유 선물 ETN(H)
1122,13035,13105,248,,TIGER 골드선물(H)
1123,3120,3100,244,,모두투어리츠
1124,17395,17500,244,,KINDEX 골드선물 레버리지(합성 H)
1125,10005,9880,240,,KODEX 필수소비재
1126,3745,3750,237,,TIGER 화장품
1127,2790,2780,236,,TIGER 200 건설
1128,105960,105950,234,,ARIRANG 단기채권액티브
1129,12245,12210,233,,TIGER 단기선진하이일드(합성 H)
1130,921,940,231,코스피1131위,씨아이테크
1131,11520,11555,230,,QV 에너지 TOP5 ETN
1132,20350,20150,230,코스피1133위,하이트진로2우B
1133,12765,12645,230,,HANARO Fn5G산업
1134,10940,10945,230,,KODEX TRF3070
1135,11440,11395,229,,삼성 KRX 금현물 ETN
1136,11440,11325,229,,미래에셋 Q150 Core5 ETN
1137,7025,6885,228,,KOSEF 코스닥150
1138,26450,25605,227,,TIGER 200 헬스케어
1139,16850,16800,227,,KINDEX S&P아시아TOP50
1140,14850,14460,226,,KODEX 바이오
1141,11275,11165,226,,신한 콩 선물 ETN(H)
1142,11255,11250,225,,미래에셋 글로벌 리츠 ETN(H)
1143,7485,7475,225,,삼성 Cushing 에너지인프라 MLP ETN
1144,11215,11215,224,,미래에셋 미국 시니어론 100 ETN(H)
1145,11185,11140,224,,QV 의료 TOP5 ETN
1146,19905,19875,223,,KODEX 에너지화학
1147,11145,11135,223,,삼성 레버리지 나스닥 100 ETN(H)
1148,11120,11120,222,,미래에셋 미국 시니어론 100 ETN
1149,12330,12455,222,,KODEX 200롱코스닥150숏선물
1150,41200,41500,221,코스피1151위,한진칼우
1151,11050,11050,221,,미래에셋 미국 리츠 ETN(H)
1152,730,725,219,,삼성 인버스 2X WTI원유 선물 ETN
1153,21840,21630,218,,신한 레버리지 구리 선물 ETN
1154,94240,94170,217,,ARIRANG 미국단기우량회사채
1155,19655,19400,216,,FOCUS KRX300
1156,11830,11745,213,,KODEX 배당성장채권혼합
1157,23655,23260,213,,TIGER 200에너지화학레버리지
1158,21275,20270,213,,KODEX KRX300레버리지
1159,10800,10695,211,,FOCUS ESG리더스
1160,10485,10475,210,,신한 레버리지 미국달러 선물 ETN
1161,20955,20820,210,,삼성 레버리지 구리 선물 ETN(H)
1162,10460,10460,209,,QV iSelect 글로벌 EMP ETN(H)
1163,17865,17665,209,,KODEX 글로벌4차산업로보틱스(합성)
1164,10360,10360,207,,삼성 코스피 풋매도 4% OTM ETN
1165,10165,10000,203,,QV 조선 TOP5 ETN
1166,9435,9470,203,,HANARO 고배당
1167,4215,4240,202,코스피1168위,한화투자증권우
1168,18360,17950,202,,TIGER 인도니프티50레버리지(합성)
1169,6730,6750,202,,삼성 Alerian 에너지인프라 MLP ETN
1170,5210,5235,201,,TIGER KIS부동산인프라채권TR
1171,6380,6255,201,,KODEX 미국S&P에너지(합성)
1172,14225,14060,199,,KODEX 200exTOP
1173,9940,9890,199,,신한 인버스 옥수수 선물 ETN(H)
1174,70185,70230,198,,KODEX 국채선물10년
1175,306,0,198,코스피1176위,지코
1176,19755,19100,198,,KODEX 헬스케어
1177,43735,42855,197,,파워 200
1178,8480,8465,196,,KOSEF 미국달러선물레버리지
1179,780,775,195,,신한 인버스 2X WTI원유 선물 ETN(H)
1180,4965,4910,194,코스피1181위,SK증권우
1181,1195,1190,193,,하이골드3호
1182,21440,20900,193,,ARIRANG 미국나스닥기술주
1183,9200,8990,193,코스피1184위,대덕전자1우
1184,2940,2935,191,코스피1185위,넥센타이어1우B
1185,39800,40150,191,코스피1186위,한화우
1186,6410,6510,190,코스피1187위,코리아써우
1187,1680,1665,190,코스피1188위,한국주강
1188,11445,11360,190,,TIGER LG그룹+펀더멘털
1189,8970,8975,189,,KOSEF 미국달러선물인버스2X
1190,11795,11880,189,,KODEX 미국채울트라30년선물(H)
1191,10345,10185,186,,ARIRANG 고배당저변동50
1192,8065,8020,185,,KODEX 구리선물(H)
1193,12665,12470,185,,TIGER 삼성그룹펀더멘털
1194,25900,25925,181,,QV 미국 IT TOP5 ETN(H)
1195,12885,12660,180,,KODEX MSCI밸류
1196,14810,14480,178,,KODEX Fn멀티팩터
1197,13610,13440,177,,TIGER AI코리아그로스액티브
1198,8765,8805,175,,QV 운송 TOP5 ETN
1199,19460,19265,175,,HANARO KRX300
1200,8715,8570,174,,QV 건설 TOP5 ETN
1201,8675,8495,174,,KBSTAR 5대그룹주
1202,17325,17370,173,,미래에셋 원유선물혼합 ETN(H)
1203,49310,47520,173,,ARIRANG 200선물레버리지
1204,10110,9940,172,,KINDEX 밸류대형
1205,55800,55500,170,코스피1206위,삼양홀딩스우
1206,14100,13200,169,코스피1207위,일정실업
1207,8410,8415,168,,신한 인버스 2X 미국달러 선물 ETN
1208,8380,8380,168,,신한 코스피 콘도르 6/10% ETN
1209,8820,9030,168,,KINDEX 인도네시아MSCI(합성)
1210,8335,8305,167,,신한 옥수수 선물 ETN(H)
1211,167500,165000,166,코스피1212위,현대건설우
1212,8210,8060,164,,TIGER 유로스탁스레버리지(합성 H)
1213,8175,8245,164,,신한 인버스 콩 선물 ETN(H)
1214,2860,2835,163,,TIGER 200 중공업
1215,8130,8130,163,,신한 코스피 월별 양매도 5% OTM ETN
1216,4110,4275,162,,ARIRANG 200선물인버스2X
1217,20190,20205,162,,KINDEX 미국IT인터넷S&P(합성 H)
1218,22330,22175,161,,KOSEF Fn중소형
1219,11550,11300,161,코스피1219위,덕성우
1220,102340,102305,161,,KINDEX 중장기국공채액티브
1221,8020,7870,160,,대신 2X 아연선물 ETN(H)
1222,15210,14940,160,,KBSTAR KQ고배당
1223,7955,7955,159,,신한 코스피 월별 양매도 3% OTM ETN
1224,32900,32285,158,,KOSEF 코스피100
1225,7895,7830,158,,QV 내수소비 TOP5 ETN
1226,6260,6300,156,,KINDEX 중국본토CSI300레버리지(합성)
1227,64605,64140,155,,KBSTAR 채권혼합
1228,30370,29980,155,,ARIRANG 코스피50
1229,41600,42900,154,코스피1230위,삼양사우
1230,30825,30380,153,,KTOP 코스피50
1231,10380,10265,153,,KODEX 3대농산물선물(H)
1232,15235,15200,152,,TIGER S&P글로벌헬스케어(합성)
1233,15190,15170,152,,신한 레버리지 Russell 2000 ETN
1234,43115,42405,151,,TREX 200
1235,7540,7540,151,,신한 코스피 콘도르 4/10% ETN
1236,18240,17990,150,,KBSTAR 200IT
1237,33185,32545,149,,KODEX 코스피100
1238,18630,19080,149,,TIGER 일본니케이225
1239,13750,13800,148,코스피1240위,코오롱우
1240,12280,12225,147,,KODEX 최소변동성
1241,21025,20140,147,,KBSTAR KRX300레버리지
1242,11250,11100,146,코스피1243위,태영건설우
1243,13080,13005,146,,KODEX 200미국채혼합
1244,33200,32545,146,,파워 코스피100
1245,13220,13055,145,,TIGER 글로벌자원생산기업(합성 H)
1246,15775,15455,142,,KINDEX 스마트밸류
1247,9415,9360,141,,KODEX 삼성그룹밸류
1248,23435,22955,141,,KODEX KTOP30
1249,11590,11540,139,,TIGER 유로스탁스배당30
1250,12390,12270,138,,TIGER 코스피고배당
1251,12500,12425,138,,KBSTAR 코스피ex200
1252,19640,19415,137,,ARIRANG KRX300
1253,13690,13435,137,,KB FnGuide 언택트 ETN
1254,29670,29240,136,,TIGER 200커뮤니케이션서비스
1255,13545,13315,135,,KODEX 혁신기술테마액티브
1256,6690,6660,134,,신한 인버스 금 선물 ETN(H)
1257,2675,2670,134,,TRUE 인버스 2X S&P500 선물 ETN(H)
1258,11700,11550,133,코스피1259위,유유제약1우
1259,1320,1325,132,,삼성 인버스 2X 은 선물 ETN(H)
1260,10150,10155,132,,TIGER 미국달러선물인버스2X
1261,13150,13100,132,,KINDEX 블룸버그베트남VN30선물레버리지(H)
1262,108650,108630,130,,ARIRANG 우량회사채50 1년
1263,11785,11665,130,,KODEX K-이노베이션액티브
1264,10795,10440,130,,KINDEX 레버리지
1265,18490,18590,129,,대신 니켈선물 ETN(H)
1266,2450,2415,129,코스피1267위,NPC우
1267,18325,17870,128,,KINDEX 스마트모멘텀
1268,12755,12755,128,,KB KRX300 ETN
1269,12715,12580,127,,TRUE 레버리지 HSCEI ETN(H)
1270,6325,6310,126,,신한 인버스 WTI원유 선물 ETN(H)
1271,15700,15390,126,,TIGER 코스피중형주
1272,12540,12500,125,,신한 FnGuide 5G 테마주 ETN
1273,12480,12370,125,,KBSTAR 헬스케어채권혼합
1274,11295,11230,124,,KODEX 미국채10년선물
1275,10300,10205,124,,KOSEF 블루칩
1276,12320,13385,123,,TRUE FTSE100 ETN
1277,6825,6670,123,,KOSEF KRX100
1278,107000,106000,122,코스피1279위,SK네트웍스우
1279,12130,12130,121,,KB KRX ESG Eco ETN
1280,7875,7840,121,,KODEX 철강
1281,5420,5680,121,코스피1282위,서울식품우
1282,6020,5870,120,,QV 제약 TOP5 ETN
1283,12005,12085,120,,TIGER 일본TOPIX헬스케어(합성)
1284,11950,11940,120,,KODEX TRF7030
1285,11925,11715,119,,KODEX 모멘텀Plus
1286,9705,9515,119,,TIGER 구리실물
1287,19760,19695,119,,KINDEX 일본Nikkei225(H)
1288,131675,127950,118,,KOSEF 국고채10년레버리지
1289,16885,16440,118,,TIGER 이머징마켓MSCI레버리지(합성 H)
1290,7855,7800,118,,KODEX 코스닥150롱코스피200숏선물
1291,10625,10560,117,,ARIRANG 고배당주채권혼합
1292,37800,37500,116,코스피1293위,남선알미우
1293,11035,11020,116,,KODEX S&P글로벌인프라(합성)
1294,25760,25800,116,,KINDEX 러시아MSCI(합성)
1295,11550,11485,116,,TIGER KTOP30
1296,5740,5760,115,,신한 인버스 구리 선물 ETN(H)
1297,11460,11455,115,,KODEX TRF5050
1298,11440,11405,114,,KINDEX 싱가포르리츠
1299,6750,6670,113,,TIGER 은행
1300,11315,11315,113,,TRUE 코스피 커버드콜 ETN B
1301,11315,11280,113,,KB 레버리지 나스닥 100 ETN
1302,45005,44385,113,,KBSTAR 주식혼합
1303,10805,10810,112,,KOSEF 미국달러선물인버스
1304,99800,99900,112,코스피1305위,DB하이텍1우
1305,15880,16055,111,,TIGER 일본TOPIX(합성 H)
1306,10035,9945,110,,TIGER 경기방어채권혼합
1307,15670,15450,110,,TIGER 코스피대형주
1308,11985,11950,108,,KODEX 다우존스미국리츠(H)
1309,10785,10785,108,,하나 KRX300 ETN
1310,10770,10770,108,,TRUE S&P500 양매도 4% OTM ETN(H)
1311,15360,15010,108,,KBSTAR KRX300미국달러선물혼합
1312,13435,13235,107,,KODEX 게임산업
1313,2670,2675,107,,신한 인버스 2X 다우존스지수 선물 ETN(H)
1314,11860,11805,107,,KODEX 콩선물(H)
1315,96800,92100,106,코스피1316위,현대비앤지스틸우
1316,15185,14975,106,,KINDEX 스마트하이베타
1317,10625,11355,106,,QV S&P500 VIX S/T 선물 ETN B
1318,2950,2930,106,코스피1319위,넥센우
1319,17540,17310,105,,KINDEX 스마트로우볼
1320,5830,5785,105,,KODEX 보험
1321,15995,16000,104,,KBSTAR 중국MSCI China선물(H)
1322,41270,40555,103,,TREX 펀더멘탈 200
1323,20625,20150,103,,KINDEX 일본TOPIX레버리지(H)
1324,16100,15810,103,,TIGER 코스닥150IT
1325,17110,17110,103,,SMART 선진국MSCI World(합성 H)
1326,10265,10265,103,,TRUE 유로선물 ETN B
1327,15515,15250,101,,ARIRANG KS밸류가중TR
1328,7200,7040,101,코스피1329위,계양전기우
1329,10075,10110,101,,TRUE 플래티넘 선물 ETN
1330,10040,10055,100,,신한 달러인덱스 선물 ETN(H)
1331,97695,97735,100,,KINDEX 국고채10년
1332,9950,9950,100,,신한 인버스 달러인덱스 선물 ETN(H)
1333,9945,9850,99,,삼성 인버스 2X 금 선물 ETN(H)
1334,4965,4920,99,,삼성 화장품 테마주 ETN
1335,9925,9925,99,,TRUE 인버스 플래티넘 선물 ETN
1336,9920,9900,99,,KINDEX 모닝스타싱가포르리츠채권혼합
1337,12390,12310,99,,KBSTAR V&S셀렉트밸류채권혼합
1338,9900,9895,99,,TRUE 인버스 엔선물 ETN B
1339,9895,9900,99,,TRUE 엔선물 ETN B
1340,12300,12250,98,,KODEX TSE일본리츠(H)
1341,5455,5560,98,,SMART 중국본토 중소형 CSI500(합성 H)
1342,9815,9815,98,,미래에셋 인버스 미디어엔터 Core5 ETN
1343,9805,9710,98,,하나 KRX BBIG K-뉴딜 ETN
1344,9800,9800,98,,TRUE 유로스탁스50 양매도 5% OTM ETN(H)
1345,8040,8230,97,코스피1346위,대덕1우
1346,16180,16945,97,,KODEX 일본TOPIX100
1347,4315,4315,97,,TIGER 미국S&P500선물인버스(H)
1348,18170,18240,97,,KODEX 미국S&P산업재(합성)
1349,13090,12600,97,,TIGER 코스닥150바이오테크
1350,18530,18320,96,,KBSTAR 200커뮤니케이션서비스
1351,9630,9630,96,,TRUE 인버스 유로선물 ETN B
1352,1925,1935,96,,신한 인버스 2X 은 선물 ETN(H)
1353,9565,9565,96,,TRUE 레버리지 엔선물 ETN B
1354,14750,14850,96,코스피1355위,대한제당우
1355,11855,11795,95,,KODEX 200동일가중
1356,4495,4410,94,,KINDEX 일본TOPIX인버스(합성 H)
1357,15700,15465,94,,KBSTAR V&S셀렉트밸류
1358,2835,2840,94,코스피1359위,태양금속우
1359,10325,10375,93,,TIGER 일본엔선물
1360,16820,16510,93,,KBSTAR 모멘텀로우볼
1361,31450,31450,92,코스피1362위,금호산업우
1362,4580,4670,92,,신한 USD K200 선물 바이셀 ETN
1363,19265,18885,91,,KOSEF 200 선물
1364,16445,16175,90,,ARIRANG KS모멘텀가중TR
1365,15040,14810,90,,마이다스 200커버드콜5%OTM
1366,12150,12000,89,코스피1367위,성신양회우
1367,16205,16255,89,,HANARO 글로벌럭셔리S&P(합성)
1368,8875,8875,89,,미래에셋 인버스 원유선물혼합 ETN(H)
1369,8810,8835,88,,KB 인버스 2X 나스닥 100 ETN
1370,17550,17510,88,,TIGER 의료기기
1371,4380,4380,88,,미래에셋 인버스 S&P500 ETN(H)
1372,19870,19555,87,,TIGER 베타플러스
1373,47470,47560,87,,HANARO KAP초장기국고채
1374,5455,5430,87,,KODEX 운송
1375,11185,11155,87,,TIGER 우량가치
1376,4360,4370,87,,신한 인버스 다우존스지수 선물 ETN(H)
1377,14360,14335,86,,KBSTAR 게임테마
1378,8610,8610,86,,신한 코스피 콘도르 6/10% 콜 2204-01 ETN
1379,32350,33550,86,코스피1380위,동원시스템즈우
1380,53630,53630,86,,ARIRANG 국채선물3년
1381,4255,4265,85,,신한 인버스 은 선물 ETN(H)
1382,12145,11995,85,,KBSTAR 고배당
1383,14095,13835,85,,KODEX MSCI모멘텀
1384,2050,2130,84,,KOSEF 200선물인버스2X
1385,8445,8500,84,,TRUE 인버스 HSCEI ETN(H) B
1386,37170,36905,84,,KODEX 미국S&P바이오(합성)
1387,3085,3075,83,,TIGER 라틴35
1388,16545,16400,83,,KINDEX 삼성그룹동일가중
1389,4110,4200,82,,TRUE 인버스 2X 유로스탁스50 ETN(H)
1390,82110,82115,82,,KINDEX 미국다우존스리츠(합성 H)
1391,10935,10860,82,,삼성 S&P500 VIX S/T 선물 ETN(H) B
1392,8195,8195,82,,신한 코스피 월별 양매도 5% 콜 2206-1 ETN
1393,10240,10350,82,,KBSTAR 글로벌데이터센터리츠나스닥(합성)
1394,18200,17750,82,,TIGER 차이나항셍25
1395,13615,13350,82,,ARIRANG KS로우볼가중TR
1396,9605,9665,82,,KBSTAR 미국고정배당우선증권ICE TR
1397,16240,15660,81,,KBSTAR 헬스케어
1398,2700,2695,81,,신한 천연가스 선물 ETN(H)
1399,10080,9860,81,,HANARO 탄소효율그린뉴딜
1400,11515,11475,81,,TIGER 로우볼
1401,4025,4150,80,,미래에셋 인버스 에너지화학 Core5 ETN
1402,14605,14360,80,,KBSTAR 모멘텀밸류
1403,8020,8020,80,,신한 코스피 월별 양매도 3% 콜 2206-1 ETN
1404,13350,13290,80,,KINDEX 코스닥(합성)
1405,14835,14695,80,,TIGER 우선주
1406,15200,14850,80,코스피1407위,한양증권우
1407,7970,7970,80,,신한 코스피 콘도르 4/10% 콜 2204-01 ETN
1408,12230,11965,79,,ARIRANG 주도업종
1409,31720,31175,79,,KINDEX 코스피
1410,7925,7935,79,,신한 인버스 Russell 2000 ETN
1411,19795,19430,79,,KINDEX 스마트퀄리티
1412,3920,3925,78,,대신 인버스 2X 니켈선물 ETN(H)
1413,11195,11120,78,,대신 아연선물 ETN(H)
1414,9775,9795,78,,TIGER 금은선물(H)
1415,22990,22975,78,,TIGER 모멘텀
1416,32360,32360,78,,마이티 코스피100
1417,7765,7715,78,,삼성 인버스 China A50 선물 ETN(H)
1418,15515,15270,78,,KINDEX Fn K-뉴딜디지털플러스
1419,24800,24550,78,코스피1419위,코오롱글로벌우
1420,10000,10000,77,코스피1421위,크라운제과우
1421,11865,11610,77,,KBSTAR 차이나항셍테크
1422,8410,8450,77,코스피1423위,대상홀딩스우
1423,12755,13670,77,,ARIRANG 심천차이넥스트(합성)
1424,15280,15000,76,,TIGER 200커버드콜5%OTM
1425,14350,14225,76,,ARIRANG 미국다우존스고배당주(합성 H)
1426,10950,10780,76,,흥국 S&P코리아로우볼
1427,37700,37350,75,,KINDEX 배당성장
1428,4885,4840,75,,KODEX 기계장비
1429,12450,12500,75,코스피1430위,크라운해태홀딩스우
1430,3695,3675,74,,신한 인버스 2X S&P500 선물 ETN
1431,12915,12665,74,,TIGER MSCI KOREA ESG유니버설
1432,6010,5680,73,,KOSEF 코스닥150선물레버리지
1433,18585,18435,72,,TIGER 배당성장
1434,11150,11030,72,,ARIRANG 중형주저변동50
1435,18995,18770,72,,TIGER 200 경기소비재
1436,8995,8980,72,,TIGER 미국달러선물레버리지
1437,11940,11925,72,,KODEX 경기소비재
1438,10200,10175,71,,KOSEF 미국방어배당성장나스닥
1439,35650,34600,71,코스피1440위,CJ씨푸드1우
1440,4745,4770,71,,KINDEX 인버스
1441,10045,9920,70,,ARIRANG 탄소효율그린뉴딜
1442,7785,7795,70,,KOSEF 고배당
1443,13980,13765,70,,KBSTAR 200에너지화학
1444,49660,49660,70,,TIGER 국채선물3년인버스
1445,6920,6920,69,,TRUE 코스피 커버드풋 ETN B
1446,11485,11520,69,,TIGER 중소형가치
1447,28580,28265,69,,파워 고배당저변동성
1448,2585,2590,68,코스피1449위,대원전선우
1449,6755,6775,68,,TRUE 인버스 유로스탁스50 ETN(H) B
1450,8420,8470,67,,KINDEX 멕시코MSCI(합성)
1451,11200,11230,67,,TIGER 중소형성장
1452,12185,12135,67,,HANARO 농업융복합산업
1453,11110,11025,67,,ARIRANG 스마트베타Quality채권혼합
1454,14100,14250,66,코스피1455위,하이트진로홀딩스우
1455,13230,12890,66,,TIGER 대형성장
1456,18050,18100,66,코스피1457위,깨끗한나라우
1457,12005,11895,66,,TIGER 200동일가중
1458,4575,4580,66,,TIGER 증권
1459,10970,10815,66,,KODEX MSCI퀄리티
1460,10945,10925,66,,TIGER 200커버드콜ATM
1461,10780,10770,65,,KODEX FnKorea50
1462,12910,12740,65,,KBSTAR Fn K-뉴딜디지털플러스
1463,10690,10595,64,,KODEX 퀄리티Plus
1464,11610,11490,64,,KBSTAR 중소형고배당
1465,11600,11420,64,,ARIRANG 코스피중형주
1466,56760,56785,64,,ARIRANG 국채선물10년
1467,13760,13295,63,,ARIRANG KRX300헬스케어
1468,8780,8890,63,,ARIRANG 신흥국MSCI인버스(합성 H)
1469,52165,52105,63,,KBSTAR KRX국채선물3년10년스티프너2X
1470,12510,12290,63,,TIGER 대형가치
1471,6225,6220,62,,신한 인버스 2X Russell 2000 ETN
1472,12450,12380,62,,KODEX 200 중소형
1473,11260,11200,62,,KODEX MSCI EM선물(H)
1474,10450,10200,62,코스피1475위,금강공업우
1475,51285,51250,62,,KBSTAR KRX국채선물3년10년스티프너
1476,11825,11605,61,,KBSTAR 200경기소비재
1477,8745,8855,61,,대신 인버스 아연선물 ETN(H)
1478,101890,101890,61,,파워 중기국고채
1479,11740,11620,61,,ARIRANG 선진국MSCI(합성 H)
1480,12170,11470,61,,HANARO 코스닥150선물레버리지
1481,8325,8150,60,,TIGER 방송통신
1482,9935,9935,60,,마이티 200커버드콜ATM레버리지
1483,7450,7415,60,,KINDEX Fn성장소비주도주
1484,49615,49650,60,,KBSTAR KRX국채선물3년10년플래트너
1485,48930,48995,59,,KBSTAR KRX국채선물3년10년플래트너2X
1486,11720,11505,59,,KBSTAR 우량업종
1487,11715,11950,59,,KINDEX 차이나항셍테크
1488,47970,47970,58,,TIGER 국채선물10년인버스
1489,16315,16155,57,,KOSEF 배당바이백Plus
1490,12300,12150,57,코스피1491위,노루페인트우
1491,11320,11385,57,,KBSTAR 미국장기국채선물(H)
1492,14110,14155,56,,KBSTAR 팔라듐선물(H)
1493,15965,15795,56,,KOSEF 저PBR가중
1494,7250,7380,56,코스피1495위,흥국화재우
1495,25255,25255,56,,TIGER 가격조정
1496,15790,15535,55,,ARIRANG KS퀄리티가중TR
1497,5515,5540,55,,신한 인버스 브렌트원유 선물 ETN(H)
1498,31000,31300,55,코스피1499위,JW중외제약우
1499,102500,105000,55,코스피1500위,KG동부제철우
1500,12135,12030,55,,KBSTAR 중소형모멘텀밸류
1501,6960,6870,55,코스피1502위,코리아써키트2우B
1502,10880,10760,54,,KBSTAR 200산업재
1503,57800,59900,54,코스피1504위,JW중외제약2우B
1504,10705,10545,54,,KBSTAR 내수주플러스
1505,13360,13065,53,,KBSTAR 차이나HSCEI(H)
1506,13200,13475,53,,KINDEX 필리핀MSCI(합성)
1507,7485,7705,52,,ARIRANG 코스닥150선물인버스
1508,10370,10365,52,,KODEX 미국달러선물인버스
1509,5170,5265,52,,TRUE 인버스 2X HSCEI ETN(H)
1510,5145,5095,51,,신한 인버스 2X 금 선물 ETN
1511,47295,47260,51,,KBSTAR 국채선물10년인버스
1512,12750,12555,51,,KBSTAR 수출주
1513,49620,49665,51,,KODEX 국채선물3년인버스
1514,5005,5165,50,,KBSTAR 코스닥150선물인버스
1515,10000,9510,50,,TIGER S&P글로벌인프라(합성)
1516,22150,22350,50,코스피1517위,동부건설우
1517,7120,7095,50,,KBSTAR 200고배당커버드콜ATM
1518,12405,12275,50,,TIGER K게임
1519,99190,99190,50,,KINDEX 국채선물3년인버스
1520,2475,2485,50,,QV 인버스 레버리지 S&P500 ETN
1521,16495,16515,49,,ARIRANG 글로벌MSCI(합성 H)
1522,10185,10200,49,,KODEX 미국달러선물인버스2X
1523,8100,8110,49,코스피1524위,성문전자우
1524,4760,4790,48,,TRUE 인버스 나스닥 100 ETN
1525,8800,8625,48,,KBSTAR 200중공업
1526,9485,9400,47,,KODEX 밸류Plus
1527,94755,94835,47,,KINDEX 국채선물10년인버스
1528,11830,11615,47,,TIGER 지주회사
1529,7870,7800,47,,KODEX 미국채울트라30년선물인버스(H)
1530,28600,28400,47,코스피1531위,유유제약2우B
1531,8570,8850,45,,KOSEF 코스닥150선물인버스
1532,5010,5145,45,,KBSTAR 200선물인버스
1533,9015,9005,45,,KODEX China H선물인버스(H)
1534,8945,8975,45,,KBSTAR 200생활소비재
1535,5110,5250,44,코스피1536위,진흥기업우B
1536,9100,8840,44,,KOSEF 코스닥150선물
1537,10905,10775,44,,ARIRANG 200동일가중
1538,8065,8000,44,,TIGER 200 철강소재
1539,11770,11725,42,,TIGER 200 생활소비재
1540,6030,5950,42,,TIGER 200 산업재
1541,2110,2190,42,,미래에셋 인버스 전기전자 Core5 ETN
1542,10465,10465,42,,KODEX 멀티에셋하이인컴(H)
1543,8300,8265,42,,KBSTAR 미국장기국채선물인버스(H)
1544,6700,6790,41,코스피1545위,동양우
1545,16375,16180,41,,ARIRANG KS로우사이즈가중TR
1546,5020,5135,41,,KOSEF 200선물인버스
1547,10125,10100,40,,KODEX WTI원유선물인버스(H)
1548,8980,8910,40,,ARIRANG ESG우수기업
1549,8060,7945,40,,KBSTAR 200금융
1550,10060,10080,40,,TIGER 일본엔선물레버리지
1551,7735,7640,40,,KBSTAR 200철강소재
1552,7130,7115,39,,TIGER 원유선물인버스(H)
1553,6480,6460,39,,TIGER 금속선물(H)
1554,9625,9520,38,,TIGER 일본엔선물인버스
1555,10800,10710,38,,KBSTAR 중소형모멘텀로우볼
1556,12420,12450,37,,KBSTAR 미국장기국채선물레버리지(합성 H)
1557,10645,10415,37,,ARIRANG S&P글로벌인프라
1558,7310,7295,37,,KODEX 골드선물인버스(H)
1559,11650,11500,36,코스피1560위,동양2우B
1560,8810,8820,35,,KBSTAR 차이나H선물인버스(H)
1561,8745,8675,35,,TIGER 일본엔선물인버스2X
1562,13925,13615,35,,ARIRANG 코스닥150
1563,4795,4805,34,,대신 인버스 니켈선물 ETN(H)
1564,11300,11200,33,코스피1565위,진흥기업2우B
1565,3330,3345,33,,삼성 인버스 2X 구리 선물 ETN(H)
1566,19850,19500,30,코스피1567위,흥국화재2우B
1567,3040,3055,30,,신한 인버스 2X 구리 선물 ETN
1568,1515,1535,30,,대신 인버스 철광석 선물 ETN(H)
1569,16300,16150,30,코스피1570위,노루홀딩스우
1570,55900,55925,30,,KBSTAR 국채선물10년
1571,33200,35300,30,코스피1572위,신원우
1572,20695,20315,29,,ARIRANG KRX300IT
1573,24950,25500,22,코스피1574위,동양3우B
1574,11350,11310,20,,KBSTAR 200건설
1575,5070,5055,20,,KBSTAR 팔라듐선물인버스(H)
1576,6600,6490,20,,KBSTAR 미국장기국채선물인버스2X(합성 H)
1577,715,715,14,,QV 인버스 레버리지 WTI원유 선물 ETN(H)
